Model name,Dataset ID,Dataset name,Adj. Best F1,rAUCROC,rAUCPR,VUSROC,VUSPR,Run name,ID,Timestamp
BETT_0,109,1sddb40,0.5550620202504245,0.7412181059883467,0.0580862983060308,0.736391783586068,0.056517206015047,BETT_0,0,16-01-2024 17:12
BETT_0,112,BIDMC1,0.9999949500250024,0.5791283133078827,0.0798150244256609,0.55898073167827,0.0800180149007046,BETT_0,0,16-01-2024 17:12
BETT_0,115,CIMIS44AirTemperature3,0.9999945833585068,0.7506072005696522,0.145965064593365,0.738307596857578,0.1470689125433036,BETT_0,0,16-01-2024 17:12
BETT_0,117,CIMIS44AirTemperature5,0.9896855181462446,0.7590570181593531,0.1337479668468457,0.7513472765653417,0.1342665374594324,BETT_0,0,16-01-2024 17:12
BETT_0,120,ECG2,0.9999949000250098,0.7731692276106349,0.0562948864693246,0.7410448017621367,0.0519939179666572,BETT_0,0,16-01-2024 17:12
BETT_0,121,ECG3,0.81300323884149,0.7264853607228673,0.0230046711063183,0.7026204469812559,0.021278350858965,BETT_0,0,16-01-2024 17:13
BETT_0,130,GP711MarkerLFM5z4,0.8082143066528091,0.6198850962275642,0.034236279144001,0.627185005998702,0.0348701435638071,BETT_0,0,16-01-2024 17:13
BETT_0,131,GP711MarkerLFM5z5,0.693328757362868,0.779319613209934,0.0636774857695984,0.7584499106002456,0.0609250736385387,BETT_0,0,16-01-2024 17:13
BETT_0,140,InternalBleeding4,0.9958225106593692,0.6667570384606516,0.1340650951442166,0.6453177014437601,0.1290410398266523,BETT_0,0,16-01-2024 17:13
BETT_0,141,InternalBleeding5,0.999994941201474,0.5635692986324802,0.1141727872143499,0.5968541646962671,0.1367615321894503,BETT_0,0,16-01-2024 17:13
BETT_0,149,Lab2Cmac011215EPG5,0.9737777020554088,0.6416182581690056,0.0178070380180452,0.6239528015922642,0.0169975580631316,BETT_0,0,16-01-2024 17:13
BETT_0,150,Lab2Cmac011215EPG6,0.0918154908948154,0.4996065530087803,0.0137621718629632,0.4787716810831912,0.0136240602971211,BETT_0,0,16-01-2024 17:13
BETT_0,151,MesoplodonDensirostris,0.9142806988024522,0.7212717138635993,0.0353900226537674,0.7265154364516947,0.0380197691126413,BETT_0,0,16-01-2024 17:13
BETT_0,152,PowerDemand1,0.262292800982121,0.54690324265322,0.0239350910992816,0.5222698410663016,0.0240189165555907,BETT_0,0,16-01-2024 17:13
BETT_0,157,TkeepFirstMARS,0.0789466059625161,0.5452779299318632,0.0029615755771791,0.5700931995573706,0.0033015567533354,BETT_0,0,16-01-2024 17:13
BETT_0,159,TkeepSecondMARS,0.9523750567163156,0.964804629383044,0.0509157930643547,0.950374453426525,0.0472320298991307,BETT_0,0,16-01-2024 17:13
BETT_0,162,WalkingAceleration5,0.9999948305335032,0.8778648637437101,0.1334816262018949,0.8615416337410342,0.1243762739276736,BETT_0,0,16-01-2024 17:13
BETT_0,163,apneaecg2,0.9411709342827396,0.7672407741517167,0.0231576969998486,0.7517076756498379,0.0227655978333811,BETT_0,0,16-01-2024 17:13
BETT_0,166,apneaecg,0.2077902918012054,0.6771374532075296,0.0071328102267514,0.6947990675104032,0.0074100875965623,BETT_0,0,16-01-2024 17:13
BETT_0,167,gait1,0.7142809524103172,0.6687800155416513,0.0395090906063392,0.6522722838621954,0.0329942645796187,BETT_0,0,16-01-2024 17:13
BETT_0,170,gaitHunt1,0.4999960227543645,0.637052095660085,0.0073344411220717,0.63953405492277,0.0076344675149304,BETT_0,0,16-01-2024 17:13
BETT_0,174,insectEPG2,0.1086946195745923,0.6002646757095578,0.0070584975995254,0.5726998110309482,0.0067284796020097,BETT_0,0,16-01-2024 17:13
BETT_0,176,insectEPG4,0.99999480002504,0.7128943906955965,0.0765150842815397,0.7004889633355661,0.0728879581095266,BETT_0,0,16-01-2024 17:13
BETT_0,179,ltstdbs30791AS,0.99999450002525,0.7512876652397841,0.1563440375710463,0.7569710365934963,0.1629839484099426,BETT_0,0,16-01-2024 17:13
BETT_0,180,ltstdbs30791ES,0.0,,,,,BETT_0,0,16-01-2024 17:13
BETT_0,181,park3m,0.5599958784287348,0.7641626018932579,0.0447293440573343,0.7458903495128162,0.0438171184454054,BETT_0,0,16-01-2024 17:13
BETT_0,182,qtdbSel1005V,0.5694402922742577,0.6601301298353959,0.0276574404824488,0.6415344796594844,0.0267743097618274,BETT_0,0,16-01-2024 17:13
BETT_0,183,qtdbSel100MLII,0.7843088043349532,0.5866623494044388,0.0293753356996628,0.5824980448408716,0.030542922699061,BETT_0,0,16-01-2024 17:13
BETT_0,186,resperation1,0.0381857820393269,0.5115584650848811,0.0023146277790282,0.5029383751693518,0.0023991829028534,BETT_0,0,16-01-2024 17:13
BETT_0,192,s20101mML2,0.6470540657730458,0.7774825715504372,0.0139058837229819,0.756156612810972,0.0155142799335727,BETT_0,0,16-01-2024 17:13
BETT_0,193,s20101m,0.0,,,,,BETT_0,0,16-01-2024 17:13
BETT_0,194,sddb49,0.99999460002516,0.7120434255947282,0.114962073948447,0.7255932908236822,0.118156067733028,BETT_0,0,16-01-2024 17:13
BETT_0,195,sel840mECG1,0.611565901265495,0.7111420694955527,0.0228951839921653,0.7212746592996132,0.0248177149323483,BETT_0,0,16-01-2024 17:13
BETT_0,196,sel840mECG2,0.3551372329697444,0.7350245646866829,0.0274250509722024,0.7094287108622026,0.0255117817960632,BETT_0,0,16-01-2024 17:13
BETT_0,198,tiltAPB2,0.9595324695371562,0.7611105586872962,0.0359241355254805,0.7463712121347782,0.0346448243435678,BETT_0,0,16-01-2024 17:13
BETT_0,199,tiltAPB3,0.4840727023683447,0.6244624729871384,0.0085259002649094,0.6072584181720031,0.0083154301098298,BETT_0,0,16-01-2024 17:13
BETT_0,205,CHARISfive,0.071173685749601,0.4427175148282178,0.0045250633465174,0.4303750682379397,0.0045247035094375,BETT_0,0,16-01-2024 17:13
BETT_0,207,CHARISten,0.0566796066200485,0.5111576938070923,0.0033865255974394,0.4992220123977574,0.0032523220236753,BETT_0,0,16-01-2024 17:13
BETT_0,209,Fantasia,0.9999946666917776,0.6263696331445826,0.0313839165161546,0.6339071125684282,0.0327552756038847,BETT_0,0,16-01-2024 17:13
BETT_0,212,Italianpowerdemand,0.3902406980219106,0.8009872010690436,0.0080714104171535,0.8020941646262572,0.008203349776328,BETT_0,0,16-01-2024 17:13
BETT_0,223,mit14046longtermecg,0.1878435949400386,0.4095355333576713,0.0053898872938959,0.3997237696743457,0.0053918846485404,BETT_0,0,16-01-2024 17:13
BETT_0,226,mit14046longtermecg,0.9393886731210748,0.9185860467476809,0.0426403720748863,0.9164739756324336,0.0425771109427235,BETT_0,0,16-01-2024 17:13
BETT_0,242,tilt12744mtable,0.1090898732876677,0.6777418234216862,0.0040648120240277,0.671373733800189,0.0040953249363469,BETT_0,0,16-01-2024 17:13
BETT_0,244,tilt12754table,0.5869522471934172,0.7677437941848764,0.0063859802940469,0.7512377520925658,0.0070079461234302,BETT_0,0,16-01-2024 17:13
BETT_0,248,weallwalk,0.9090842975505634,0.997969934885031,0.1266733736767181,0.9974763592309676,0.1219583464882371,BETT_0,0,16-01-2024 17:13
BETT_0,250,weallwalk,0.1395335532823989,0.8932250066096846,0.0076610557334431,0.871164190129655,0.0077600818731219,BETT_0,0,16-01-2024 17:13
BETT_LP,109,1sddb40,0.540768540248544,0.7646878827564566,0.05683330425634968,0.7492618982868443,0.05487750345605817,smart-dew-524,n4ikx9bd,16-01-2024 10:10
BETT_LP,112,BIDMC1,0.9975011847191895,0.6474567852962174,0.05898716239590725,0.6479058685516864,0.06559928633842663,rose-sound-532,x6c3dnh2,16-01-2024 10:15
BETT_LP,115,CIMIS44AirTemperature3,0.9795864390094177,0.7524822306359169,0.20471638021532593,0.753143217910436,0.20000647337478777,fiery-frog-533,yqbjwvu0,16-01-2024 10:20
BETT_LP,117,CIMIS44AirTemperature5,0.9896855181462446,0.8154278222062832,0.22153231695588693,0.8076397321694948,0.22283803336512736,twilight-leaf-535,c90btp1b,16-01-2024 10:25
BETT_LP,120,ECG2,0.9999949000250098,0.8549891867634299,0.08025599747873849,0.8369657843825384,0.07803274819237443,worldly-disco-538,hnrykim2,16-01-2024 10:41
BETT_LP,121,ECG3,0.9803870626936937,0.7955000100540696,0.04376790227185202,0.7697197324014154,0.038539612634263615,eager-armadillo-544,h4muark6,16-01-2024 10:56
BETT_LP,130,GP711MarkerLFM5z4,0.9999949152792443,0.7254678997803986,0.06658659011476482,0.72655785590505,0.06826504669416843,iconic-snowflake-551,278x5bth,16-01-2024 11:02
BETT_LP,131,GP711MarkerLFM5z5,0.9719575299409647,0.7149361722041523,0.13939856289107835,0.7242918949016361,0.13819644627481362,comfy-sun-553,czqe11qw,16-01-2024 11:08
BETT_LP,141,InternalBleeding5,0.999994941201474,0.6719160646569837,0.15976296010712357,0.6926715364810345,0.18736621058812525,good-sunset-555,upv7w02m,16-01-2024 11:13
BETT_LP,149,Lab2Cmac011215EPG5,0.9774385381000655,0.6459639643998606,0.02071993403585206,0.6293338515385271,0.019538452606794682,lyric-armadillo-556,gqod0k0f,16-01-2024 11:26
BETT_LP,150,Lab2Cmac011215EPG6,0.0984790461519545,0.5034747842657454,0.01391523060871527,0.480309552027813,0.013721357537495026,clear-wind-526,ddq6c5hg,16-01-2024 10:02
BETT_LP,151,MesoplodonDensirostris,0.8443222534237992,0.7139323092142308,0.033427801442064115,0.71831237199713,0.036102526698468446,fresh-plant-529,3dconzyu,16-01-2024 10:21
BETT_LP,152,PowerDemand1,0.44181114773272606,0.5593790851645786,0.025220169897779206,0.5444316121347063,0.025399838736107294,expert-flower-536,o12lgkzb,16-01-2024 10:40
BETT_LP,157,TkeepFirstMARS,0.15463773250259882,0.7556828593053718,0.005459338263431755,0.7567881498825114,0.0054776059270134235,daily-energy-543,yo40rvoe,16-01-2024 10:48
BETT_LP,159,TkeepSecondMARS,0.999994000026,0.9282661974092552,0.3926092321356751,0.9144656586511402,0.4004296833349568,driven-tree-546,58kpovus,16-01-2024 10:56
BETT_LP,162,WalkingAceleration5,0.9999948305335032,0.8878241019990202,0.1353217712148168,0.8738988544707734,0.12512468038596097,dainty-haze-549,5qbthycv,16-01-2024 11:01
BETT_LP,163,apneaecg2,0.9999943750253905,0.7563868850706144,0.06523743381465268,0.7419231252090274,0.06680537203846233,denim-rain-552,4ucp617i,16-01-2024 11:13
BETT_LP,166,apneaecg,0.2025297740894293,0.6694267912278873,0.0072543807432590875,0.6937388770374102,0.007665772046945551,atomic-totem-557,vju9rlhr,16-01-2024 11:25
BETT_LP,167,gait1,0.3550266237411865,0.5748834360330112,0.015235131847361994,0.5680602020848993,0.014537000530960208,fiery-donkey-560,iq7947of,16-01-2024 11:50
BETT_LP,170,gaitHunt1,0.4313689965651263,0.6630070739063845,0.007727927604600726,0.6790011745476503,0.008045842709434975,summer-oath-562,nhgijpp0,16-01-2024 12:12
BETT_LP,174,insectEPG2,0.22830845897360919,0.839570228085483,0.018211759328497952,0.8230008053153387,0.01727801484215455,fluent-bush-564,70m7y25g,16-01-2024 12:19
BETT_LP,176,insectEPG4,0.9999948000250399,0.7333028108643013,0.07980092838904661,0.7167838928747331,0.07603966797606758,pretty-donkey-525,88jo98xu,16-01-2024 09:48
BETT_LP,179,ltstdbs30791AS,0.99999450002525,0.8160039109406704,0.16328533367471476,0.8127553225449582,0.17112733235376434,copper-monkey-528,6chg57n0,16-01-2024 10:05
BETT_LP,180,ltstdbs30791ES,0.0,,,,,cosmic-violet-530,23z32yna,16-01-2024 10:18
BETT_LP,181,park3m,0.642197357154207,0.794428472850909,0.053227681744612225,0.7832079727661572,0.05305606227388017,fine-resonance-534,cw0m39v4,16-01-2024 10:28
BETT_LP,182,qtdbSel1005V,0.6456648174390602,0.6547273535547843,0.027867311829676028,0.6370923470906241,0.02716244135690289,fine-breeze-539,ty31odtg,16-01-2024 10:32
BETT_LP,183,qtdbSel100MLII,0.842100210554526,0.6190672523010545,0.03202165519259172,0.6174142306928885,0.033346697378863865,warm-sunset-540,779u6v82,16-01-2024 10:36
BETT_LP,186,resperation1,0.14883581785956326,0.6733249475596886,0.003910580841525988,0.673501533404981,0.00401137255904992,youthful-eon-542,nhi2cgju,16-01-2024 10:47
BETT_LP,192,s20101mML2,0.7096723829637339,0.7444332963992155,0.013939641527090759,0.7244647310487086,0.015215458567156854,bright-snowball-545,pxhte42e,16-01-2024 10:56
BETT_LP,193,s20101m,0.0,,,,,serene-smoke-550,13hwn5gn,16-01-2024 11:04
BETT_LP,194,sddb49,0.9999946000251599,0.698356609711047,0.11508849818283369,0.7267229161455453,0.11809853763173622,firm-paper-554,s5ejpdnv,16-01-2024 11:22
BETT_LP,195,sel840mECG1,0.6607097433330146,0.7145058054327653,0.02222640435183203,0.7203250596109915,0.02411082693646684,quiet-meadow-559,jaqp74qe,16-01-2024 11:37
BETT_LP,196,sel840mECG2,0.3917493867823138,0.7105435002834812,0.02484722422099352,0.6856461533361476,0.023258226964663755,atomic-armadillo-527,xdzkmznx,16-01-2024 10:06
BETT_LP,198,tiltAPB2,0.9822434060686547,0.7866821860478621,0.04485051877042823,0.7749788121507399,0.043606434606219324,leafy-disco-531,hqh129lt,16-01-2024 10:22
BETT_LP,199,tiltAPB3,0.8539274990811851,0.6718483002108947,0.011242352674061509,0.6520996920645225,0.010958967057209796,dutiful-jazz-537,67qb1mwq,16-01-2024 10:36
BETT_LP,205,CHARISfive,0.12738732606805198,0.422659734959859,0.0045258652725619535,0.4042007832978637,0.004396734746604334,deep-plant-541,0jlbmakk,16-01-2024 10:49
BETT_LP,207,CHARISten,0.10686920110386725,0.5572518401306882,0.003747185593025726,0.5442217268625861,0.003675458749741283,silvery-rain-547,9wiwg2c0,16-01-2024 10:54
BETT_LP,209,Fantasia,0.952375661401881,0.630026159986572,0.00848388621317077,0.6402126095233842,0.009040142929058444,fresh-terrain-548,bckg7u9c,16-01-2024 11:20
BETT_LP,212,Italianpowerdemand,0.7384566532836782,0.7750891627075099,0.016552798864430767,0.7653653417700624,0.01690765757696756,sunny-glade-558,q0qpggdm,16-01-2024 11:42
BETT_LP,223,mit14046longtermecg,0.18923761175417889,0.40761808688069157,0.005377393284015935,0.39885551677498565,0.005387844244465257,autumn-tree-561,ks931hp7,16-01-2024 12:05
BETT_LP,226,mit14046longtermecg,0.9999946774444589,0.9219150164040968,0.11309442040901677,0.9198396928825209,0.11523238919280986,zany-wind-563,orhu1sag,16-01-2024 12:20
BETT_LP,242,tilt12744mtable,0.23683999655529384,0.740021903273465,0.005406229940116799,0.7443875262893948,0.005900914355863412,blooming-universe-565,p39nk8q7,16-01-2024 12:39
BETT_LP,244,tilt12754table,0.6352896332472947,0.8363711642059265,0.00891033898569982,0.8192827239679594,0.00960572646781596,atomic-surf-566,fd0rw038,16-01-2024 13:01
BETT_LP,248,weallwalk,0.9090842975505634,0.997969934885031,0.1266733736767181,0.9976892761428676,0.12308893041656276,different-thunder-567,dm9rd2uk,16-01-2024 13:07
BETT_LP,250,weallwalk,0.2448957101373559,0.9044515935079368,0.0086356619200993,0.8634700802098506,0.008564018304742346,dashing-violet-568,6h73x4m3,16-01-2024 13:14
GPT4TS,109,1sddb40,0.18777772661053307,0.6731129889198939,0.0328538927571419,0.6566520016734706,0.0320517383889927,glad-water-1102,k2xq45je,30-01-2024 15:06
GPT4TS,112,BIDMC1,0.9999949500250024,0.6441981310050523,0.0906638270652496,0.6257060851719909,0.0886803388803661,legendary-thunder-1107,nozd2xa7,30-01-2024 15:06
GPT4TS,115,CIMIS44AirTemperature3,0.18461369468925629,0.6278290096281904,0.011067258070854,0.6200996303900513,0.011201861309912995,blooming-butterfly-1108,4aqayvc7,30-01-2024 15:06
GPT4TS,117,CIMIS44AirTemperature5,0.1983453124944861,0.5676489073710212,0.018599284834940503,0.5596426762251931,0.019275156729305985,dry-wave-1109,990v3qx4,30-01-2024 15:06
GPT4TS,120,ECG2,0.8968559593266854,0.8186655308594465,0.03000509464468913,0.7750557650271364,0.025737906234283663,comfy-brook-1110,y6aau0c0,30-01-2024 15:06
GPT4TS,121,ECG3,0.8403311913282863,0.440841002275693,0.008000167336815427,0.4522981928456091,0.008343341532817366,icy-rain-1111,m6b69jfg,30-01-2024 15:06
GPT4TS,130,GP711MarkerLFM5z4,0.6448043387676313,0.6259514255853582,0.028021004110178147,0.6160807644072646,0.027669393381873537,sandy-fire-1112,7em5nw5s,30-01-2024 15:06
GPT4TS,131,GP711MarkerLFM5z5,0.4803658429303924,0.6443825091682103,0.03188348953189141,0.6287290436448247,0.0330868996825541,helpful-pyramid-1113,yas4wpfz,30-01-2024 15:06
GPT4TS,141,InternalBleeding5,0.9164370340501911,0.6065044728046427,0.09089715171221667,0.6323257523016227,0.10351150292016596,summer-universe-1114,wui1g4y6,30-01-2024 15:06
GPT4TS,149,Lab2Cmac011215EPG5,0.5990741171267319,0.65022783533838,0.011218003696068759,0.6421466543826696,0.010999681104729892,magic-totem-1115,9f7kn4d7,30-01-2024 15:06
GPT4TS,150,Lab2Cmac011215EPG6,0.097788185161699,0.5362756448233382,0.014328078966665454,0.5208208208303673,0.014240822244523024,stellar-oath-1117,l5vibxq1,30-01-2024 15:06
GPT4TS,151,MesoplodonDensirostris,0.9999949375250038,0.687780737327022,0.0529409164426647,0.6945284089326307,0.057288454046904316,dry-elevator-1118,62ll3cny,30-01-2024 15:06
GPT4TS,152,PowerDemand1,0.7567520355782917,0.6140122138496827,0.030884993081187063,0.602089377262138,0.031445080703929755,fluent-disco-1119,x50k203j,30-01-2024 15:06
GPT4TS,157,TkeepFirstMARS,0.016321927162475127,0.5008516365698708,0.0024847901944860117,0.49791812097497806,0.002651367828062562,fancy-spaceship-1120,01d8walw,30-01-2024 15:06
GPT4TS,159,TkeepSecondMARS,0.12195005949821454,0.8498538828411671,0.008460938097648401,0.8149403281862245,0.00788755351390558,effortless-sponge-1121,rn6k55ms,30-01-2024 15:06
GPT4TS,162,WalkingAceleration5,0.8676420188426845,0.9126149520987656,0.14201858867415157,0.9114868505499721,0.14184051485467397,fearless-armadillo-1122,h85hyu42,30-01-2024 15:06
GPT4TS,163,apneaecg2,0.9999943750253905,0.6366136240733277,0.05774298635345807,0.6525946438166149,0.060247642756355566,electric-cloud-1123,odl2eyoe,30-01-2024 15:06
GPT4TS,166,apneaecg,0.31372272205049173,0.5649912228152157,0.006953026104604303,0.5831951438579093,0.00739466773380089,gentle-firefly-1124,mc5ko9rp,30-01-2024 15:06
GPT4TS,167,gait1,0.40815996115269537,0.5573626233246692,0.011600572688799915,0.5829516479552573,0.01232557669001409,amber-rain-1125,cnw3xkpv,30-01-2024 15:06
GPT4TS,170,gaitHunt1,0.0986537617970841,0.718112378916857,0.0063717403920483815,0.7109253097847822,0.006344299629384355,dark-flower-1128,7xdngnqo,30-01-2024 15:06
GPT4TS,174,insectEPG2,0.8064465400911188,0.5839977878998327,0.008193974178934535,0.5613364963127212,0.00762685647006012,playful-morning-1130,ikysp7gu,30-01-2024 15:06
GPT4TS,176,insectEPG4,0.20703747285050328,0.4882575656477268,0.008268198348136946,0.4877488581822165,0.0087727984071765,woven-terrain-1131,282gcbgx,30-01-2024 15:06
GPT4TS,179,ltstdbs30791AS,0.99999450002525,0.7431629102327363,0.0711160091536341,0.7431324013524481,0.07437704613824987,valiant-snowball-1132,sq8g43ok,30-01-2024 15:06
GPT4TS,180,ltstdbs30791ES,0.0,,,,,vibrant-plasma-1134,th2zdqpo,30-01-2024 15:06
GPT4TS,181,park3m,0.6306261992014831,0.5813931438189387,0.029780999829937,0.5430302903076634,0.02723524845365134,cerulean-moon-1135,h90q4kye,30-01-2024 15:06
GPT4TS,182,qtdbSel1005V,0.38678929648262766,0.6176081632577186,0.023650556789211123,0.6066555765306175,0.02361063020448716,young-shape-1136,nfcb637f,30-01-2024 15:06
GPT4TS,183,qtdbSel100MLII,0.601499462972257,0.5725426345217254,0.02505596469161979,0.5778066878844255,0.026332275426974708,eager-fire-1137,8bpj85qg,30-01-2024 15:06
GPT4TS,186,resperation1,0.011958027532551225,0.5017414341824338,0.0021266307532152593,0.4694129344197072,0.002014353786529319,earnest-violet-1138,x22e5m47,30-01-2024 15:06
GPT4TS,192,s20101mML2,0.04526704542385459,0.643596299012649,0.007642013110831878,0.6384290357819763,0.008585141402048567,genial-firebrand-1139,itklt0de,30-01-2024 15:06
GPT4TS,193,s20101m,0.0,,,,,classic-wind-1140,7mr3gztn,30-01-2024 15:06
GPT4TS,194,sddb49,0.9433908864629068,0.5648504991849141,0.007568791851527288,0.5812796359137349,0.007832396165011333,resilient-sound-1141,p7wmlsea,30-01-2024 15:06
GPT4TS,195,sel840mECG1,0.21387091000367023,0.6282184283790425,0.01626526161802099,0.6478780619075536,0.018269872977149337,crisp-bee-1142,5ij6whvt,30-01-2024 15:06
GPT4TS,196,sel840mECG2,0.2753599244057298,0.5555804282636514,0.015951651451426144,0.5190331051705787,0.015103555813692646,grateful-glade-1143,w84o88t5,30-01-2024 15:06
GPT4TS,198,tiltAPB2,0.8299950615283839,0.6249595974684419,0.020496895209441167,0.6041943593409966,0.01995467979936661,playful-wave-1144,t2ker6v2,30-01-2024 15:06
GPT4TS,199,tiltAPB3,0.04507666443347381,0.4599365066284469,0.005286513612485268,0.44299141688073856,0.0053224519921519315,efficient-waterfall-1145,4p2i8jif,30-01-2024 15:06
GPT4TS,205,CHARISfive,0.02171531133442727,0.4686601946829199,0.004723202246980568,0.4454763824769075,0.004629125178791956,chocolate-energy-1146,y3zbe3l0,30-01-2024 15:06
GPT4TS,207,CHARISten,0.10294018491292474,0.5501007562918886,0.0038669453747693667,0.5137954475915275,0.0034550174786174633,atomic-pyramid-1147,ipr6f5ab,30-01-2024 15:06
GPT4TS,209,Fantasia,0.8695600504373813,0.633182450544836,0.008320252091539814,0.6499093198342872,0.009063017623882853,vivid-armadillo-1148,ycdflsqy,30-01-2024 15:06
GPT4TS,212,Italianpowerdemand,0.008088898177307003,0.5198484440693317,0.0015327199409668614,0.48090273380332493,0.0014474276331214286,twilight-waterfall-1149,zs9b7c0i,30-01-2024 15:06
GPT4TS,223,mit14046longtermecg,0.2434346045149482,0.4076376487165994,0.005379626407632617,0.3895806365640808,0.005264878330444488,bright-darkness-1150,tuhikmll,30-01-2024 15:06
GPT4TS,226,mit14046longtermecg,0.9253678859701988,0.8360543434874401,0.030860571604957032,0.8268616249970473,0.03080950395860761,glorious-haze-1151,k1lcbofe,30-01-2024 15:06
GPT4TS,242,tilt12744mtable,0.0029253730286871384,0.5138447469418131,0.0019041521699408477,0.5142129939490864,0.00198520616865315,light-lake-1152,5ngmhj6v,30-01-2024 15:06
GPT4TS,244,tilt12754table,0.05696147072302239,0.5375745338786372,0.0019762886833225904,0.5469503850188102,0.002041441301094837,comfy-morning-1153,26oxuclk,30-01-2024 15:06
GPT4TS,248,weallwalk,0.017825134644471812,0.9203117937640171,0.006253351390273233,0.915554105003912,0.006184064695799466,resilient-plasma-1154,hgrln0bq,30-01-2024 15:06
GPT4TS,250,weallwalk,0.2448957101373559,0.8512137329671802,0.00532505976790843,0.8214466762176789,0.006247404276041917,major-water-1155,nio09yq9,30-01-2024 15:06
TimesNet,109,1sddb40,0.6847780311022922,0.7373455915932807,0.05151593303151296,0.7182649943185684,0.0488615331843821,grateful-blaze-1013,ggx4kxum,29-01-2024 09:37
TimesNet,112,BIDMC1,0.9999949500250024,0.7549063822753286,0.1540783867150314,0.7436980809557423,0.15006229476568206,driven-water-1014,qnvta6ji,29-01-2024 09:37
TimesNet,115,CIMIS44AirTemperature3,0.46601575268971185,0.7742122170503705,0.027327983732052006,0.7360752260658187,0.024645428568056627,tough-cloud-1015,aecn6ki9,29-01-2024 09:37
TimesNet,117,CIMIS44AirTemperature5,0.7111064230746923,0.7175303769076218,0.05628947066806392,0.7197364556027448,0.055395001165310466,decent-violet-1016,k9mqkf0m,29-01-2024 09:37
TimesNet,120,ECG2,0.9999949000250098,0.6271113186761609,0.02785729626751552,0.5998979405998983,0.027290227530867062,volcanic-pyramid-1017,3ki8u22g,29-01-2024 09:37
TimesNet,121,ECG3,0.47505573769540915,0.6124081274490045,0.012630034571381236,0.6131374758444577,0.013265240836315426,cerulean-bird-1018,yhf59k5o,29-01-2024 09:37
TimesNet,130,GP711MarkerLFM5z4,0.94778610218588,0.7105395727044033,0.053430747453991664,0.7185478870894398,0.0548392647192731,dandy-star-1019,k9h5r8lx,29-01-2024 09:37
TimesNet,131,GP711MarkerLFM5z5,0.9004278720685932,0.8494326696519945,0.09613426789154206,0.842359793889551,0.0959005058884929,balmy-bird-1020,onf5v1id,29-01-2024 09:37
TimesNet,141,InternalBleeding5,0.999994941201474,0.941466727724391,0.392518542548576,0.943254140108519,0.4431224041994211,earthy-forest-1021,md4kwx5t,29-01-2024 09:37
TimesNet,149,Lab2Cmac011215EPG5,0.9923613367771326,0.6099317764541506,0.015441300022898057,0.6068957574498269,0.015848773478871543,dazzling-valley-1022,einrqe24,29-01-2024 09:37
TimesNet,150,Lab2Cmac011215EPG6,0.16818858629321448,0.4633212755332495,0.012477630660074698,0.44769303420497364,0.01247679971741008,quiet-leaf-1023,w7qk1eip,29-01-2024 09:37
TimesNet,151,MesoplodonDensirostris,0.9999949375250038,0.7964177394893643,0.07167301684232844,0.7908985031061957,0.07475791620748867,polished-music-1024,3b8dvq7b,29-01-2024 09:37
TimesNet,152,PowerDemand1,0.9504900348967043,0.7743641698829409,0.07216389635541128,0.7495822393898084,0.07150380487248191,kind-butterfly-1025,gna4s7ep,29-01-2024 09:37
TimesNet,157,TkeepFirstMARS,0.23076715386330754,0.7919330589098613,0.00611775205873872,0.7883170651033066,0.006249255331234377,autumn-wind-1026,mse786ly,29-01-2024 09:37
TimesNet,159,TkeepSecondMARS,0.9523750567163156,0.9862384574841377,0.07475338833666383,0.9820016626285774,0.0682752496516812,fast-dust-1027,s1ej0yd2,29-01-2024 09:37
TimesNet,162,WalkingAceleration5,0.9291287370841262,0.8566968229282036,0.18400388098378645,0.8515260056945507,0.18375325078815907,super-shadow-1028,wh9kmxhs,29-01-2024 09:37
TimesNet,163,apneaecg2,0.6530565597960015,0.6217670904209668,0.014809097496669582,0.6054727062219507,0.014834925052740793,cosmic-valley-1029,widimnqc,29-01-2024 09:37
TimesNet,166,apneaecg,0.2580621852415526,0.7898771637413792,0.01089847920333518,0.762012762125618,0.010546013929515857,unique-feather-1030,55iq5jb6,29-01-2024 09:37
TimesNet,167,gait1,0.5172374554382692,0.620303924775129,0.01331856005560365,0.6040682781581934,0.013026347953136161,astral-field-1031,9jxngx29,29-01-2024 09:37
TimesNet,170,gaitHunt1,0.30136722088737855,0.8339269745905844,0.020638590751310915,0.8382848565165467,0.02223736585296962,fancy-glade-1032,qsvkiw5g,29-01-2024 09:37
TimesNet,174,insectEPG2,0.9615330991384856,0.7451655364661991,0.09580918528360477,0.7321106210166405,0.09737164376357257,lilac-resonance-1033,mp8twyyo,29-01-2024 09:37
TimesNet,176,insectEPG4,0.8546958141853692,0.6738337918126912,0.013683971538426248,0.6513182525116036,0.013072838277257406,clean-sunset-1034,qryefbxk,29-01-2024 09:37
TimesNet,179,ltstdbs30791AS,0.99999450002525,0.6507983644539892,0.05258617631281122,0.6695374511167622,0.05544258661684664,brisk-sky-1035,6yk4mhm6,29-01-2024 09:37
TimesNet,180,ltstdbs30791ES,0.0,,,,,polished-resonance-1036,njjk81ik,29-01-2024 09:37
TimesNet,181,park3m,0.9333281066932692,0.8036779092568155,0.05083473505671797,0.7834775763165815,0.049532089604660164,soft-serenity-1037,y8d0clyk,29-01-2024 09:37
TimesNet,182,qtdbSel1005V,0.5290282988836986,0.5579207000276688,0.02041688944967546,0.5429351935752001,0.020335257279421214,pretty-lake-1038,btcor7dx,29-01-2024 09:37
TimesNet,183,qtdbSel100MLII,0.869560113449334,0.6555928427284772,0.030966273867391775,0.6471563111062747,0.03250500730763734,floral-frost-1039,jjckds4b,29-01-2024 09:37
TimesNet,186,resperation1,0.02962933717691268,0.6882353971796966,0.003784769244594848,0.6704928694607718,0.003553419214275417,faithful-deluge-1040,zvwl6azr,29-01-2024 09:37
TimesNet,192,s20101mML2,0.08494126504493199,0.6979094083043004,0.008906726871448086,0.6904412236828934,0.009841238102116852,noble-firefly-1041,6y4o3k57,29-01-2024 09:37
TimesNet,193,s20101m,0.0,,,,,hopeful-pond-1042,pb95d35o,29-01-2024 09:37
TimesNet,194,sddb49,0.9999946000251599,0.6753852993125221,0.03784420932802812,0.6803301468983185,0.03888792435650477,fanciful-violet-1043,cwgcfwwf,29-01-2024 09:37
TimesNet,195,sel840mECG1,0.3609726163236695,0.5864545102660336,0.015647181484863916,0.6024898163080911,0.017545022292141794,ancient-glitter-1044,8vyhsiwi,29-01-2024 09:37
TimesNet,196,sel840mECG2,0.2059602009548261,0.5141846389620558,0.014846127577343837,0.5177468280704477,0.015120201341579166,robust-sun-1045,pj520mij,29-01-2024 09:37
TimesNet,198,tiltAPB2,0.3755625434819413,0.7061493027653067,0.024891299614746662,0.7017666123301887,0.02475023411710941,magic-pine-1046,yoill3y2,29-01-2024 09:37
TimesNet,199,tiltAPB3,0.09256915143966042,0.5979215999472678,0.007005237244314288,0.5772883844373827,0.006976432421524607,jumping-brook-1048,3toey9z9,29-01-2024 09:37
TimesNet,205,CHARISfive,0.07873939488538813,0.481662228443556,0.005022530298371313,0.46354897302139136,0.004883709028946838,feasible-energy-1049,gnma3g3r,29-01-2024 09:37
TimesNet,207,CHARISten,0.031180092561668205,0.5535872165380192,0.0028507576497138355,0.5271523110836901,0.002768587436335778,generous-microwave-1051,ich2seoq,29-01-2024 09:37
TimesNet,209,Fantasia,0.5504546250601257,0.6011822664159682,0.007701263037814767,0.6079875296640034,0.008214870703862244,young-wildflower-1052,cc6rmwnl,29-01-2024 09:37
TimesNet,212,Italianpowerdemand,0.4403634576476316,0.712346333812291,0.0050938106727104245,0.7108372857792703,0.00510145948935422,dashing-capybara-1054,62wgp6zm,29-01-2024 09:37
TimesNet,223,mit14046longtermecg,0.252473029011255,0.7998595098039908,0.016658332422885943,0.7778966772192475,0.01593156739038891,hopeful-dream-1055,h9fwd74w,29-01-2024 09:37
TimesNet,226,mit14046longtermecg,0.9538408710320989,0.911251886903067,0.05404441041265623,0.9043584409762659,0.05461049133991974,fearless-feather-1056,5pgt8x3q,29-01-2024 09:37
TimesNet,242,tilt12744mtable,0.027258690974156764,0.6468682820822275,0.002651569386621951,0.6376824353716675,0.0027317151875247223,peachy-deluge-1057,qqxeen0p,29-01-2024 09:37
TimesNet,244,tilt12754table,0.046915266493396425,0.7700248116064314,0.003908630914602341,0.753914216606208,0.0039304073709850295,bumbling-snowball-1058,gztdp0vm,29-01-2024 09:37
TimesNet,248,weallwalk,0.3333303333536666,0.9955035842999994,0.08861088193330707,0.9949663936520888,0.08322897618903928,electric-terrain-1059,mv89hhq7,29-01-2024 09:37
TimesNet,250,weallwalk,0.00843873441529254,0.7110079099955593,0.001855315562077835,0.7141305414528826,0.0018579282218453212,radiant-waterfall-1060,rt2axvp8,29-01-2024 09:37
AnomalyTransformer,109,1sddb40,0.030295445658195943,0.6558199833512053,0.029102262571233627,0.6410972227457756,0.028897477988544595,proud-donkey-735,zarjgehv,19-01-2024 03:41
AnomalyTransformer,112,BIDMC1,0.990093961401583,0.7071496081278421,0.07753432446084163,0.688655080511839,0.07239281795705585,snowy-totem-743,qwlq0bl3,19-01-2024 03:41
AnomalyTransformer,115,CIMIS44AirTemperature3,0.059040015981886323,0.6609664781914666,0.011956734029783977,0.6385813371057778,0.011864240402318947,faithful-sea-744,afxm830n,19-01-2024 03:41
AnomalyTransformer,117,CIMIS44AirTemperature5,0.39024072974935164,0.7858832567894634,0.04201987947697649,0.783959585784965,0.0433546762669415,restful-serenity-746,xbnegmvu,19-01-2024 03:41
AnomalyTransformer,120,ECG2,0.9999949000250098,0.8762813203833727,0.07444857252406101,0.8301459455284093,0.062339468834744796,different-snowflake-748,l6ia1dev,19-01-2024 03:41
AnomalyTransformer,121,ECG3,0.36231586066266774,0.5327446385061642,0.009375648978529782,0.535518649194648,0.009470975284954365,fresh-sponge-754,ec4bdsyz,19-01-2024 03:41
AnomalyTransformer,130,GP711MarkerLFM5z4,0.9328012729725534,0.5191062708953897,0.022694908495559957,0.542913355483843,0.02357893206110982,woven-spaceship-758,z45gzkvm,19-01-2024 03:41
AnomalyTransformer,131,GP711MarkerLFM5z5,0.7563588781779663,0.6855462750220126,0.03996749580603738,0.6903978841850352,0.0419797226944057,spring-dream-759,57lkpno3,19-01-2024 03:41
AnomalyTransformer,141,InternalBleeding5,0.9444394074337158,0.42584201710486524,0.07205503873170926,0.46212723169432857,0.10149162957446164,polar-aardvark-763,9y8ls0no,19-01-2024 03:41
AnomalyTransformer,149,Lab2Cmac011215EPG5,0.9923613367771326,0.7770062802996062,0.03065555991948235,0.7745688373959371,0.031582381040331134,eternal-frost-765,daicqnwa,19-01-2024 03:41
AnomalyTransformer,150,Lab2Cmac011215EPG6,0.4140381134502774,0.7085078779048336,0.02344003426301706,0.7002871878787696,0.02309804443306136,sage-snowflake-767,0l2g424n,19-01-2024 03:41
AnomalyTransformer,151,MesoplodonDensirostris,0.9999949375250038,0.8473897044006904,0.09466380244790457,0.8548275358715373,0.1019507517812653,pretty-haze-769,oxfdj0qk,19-01-2024 03:41
AnomalyTransformer,152,PowerDemand1,0.8715903905963592,0.7362453411054911,0.040360663884902906,0.7166938139217405,0.03928800996178756,toasty-plant-771,4oih26z2,19-01-2024 03:41
AnomalyTransformer,157,TkeepFirstMARS,0.01271712660280199,0.5318004631154373,0.002695711203035408,0.5248412740917723,0.0031243499686417903,chocolate-shadow-773,zb476qc0,19-01-2024 03:41
AnomalyTransformer,159,TkeepSecondMARS,0.8333277778064813,0.7364127865787277,0.0064755316696415155,0.7200916114225716,0.006630071403683978,crimson-cherry-774,h86k3w6p,19-01-2024 03:41
AnomalyTransformer,162,WalkingAceleration5,0.9915914723788833,0.9473687992529303,0.2648349135988907,0.9435841622640537,0.25556534263129954,good-butterfly-775,2b0rv0h7,19-01-2024 03:41
AnomalyTransformer,163,apneaecg2,0.6530565597960015,0.7803323156807656,0.025294797234692686,0.7856842042746006,0.026379264349438443,fluent-brook-776,mzbxifwl,19-01-2024 03:41
AnomalyTransformer,166,apneaecg,0.3999966000238998,0.5655490936940359,0.007119162576532723,0.5824339851163112,0.007656992465755443,vague-violet-780,u0coot0n,19-01-2024 03:41
AnomalyTransformer,167,gait1,0.1791028362808735,0.6449880369723908,0.01461697562778138,0.631755397796103,0.01443593979643852,woven-firefly-781,nyczi2xp,19-01-2024 03:41
AnomalyTransformer,170,gaitHunt1,0.07801342916006523,0.8282214197828116,0.00980346808882784,0.8132487109450147,0.009446409837722646,vague-brook-784,qzwmglfo,19-01-2024 03:41
AnomalyTransformer,174,insectEPG2,0.11904649377433264,0.6519554548796697,0.0074879485927766155,0.6545808991109778,0.007955082482772794,dazzling-pond-788,862iksnj,19-01-2024 03:41
AnomalyTransformer,176,insectEPG4,0.9803869665768435,0.6844093657017676,0.04956244579924937,0.6947759035077378,0.05115629656527337,silvery-blaze-789,z5ofmf32,19-01-2024 03:41
AnomalyTransformer,179,ltstdbs30791AS,0.99999450002525,0.779749393204587,0.1446259952231454,0.7791368653508659,0.15140738547725646,floral-snowball-790,ada4xuow,19-01-2024 03:41
AnomalyTransformer,180,ltstdbs30791ES,0.0,,,,,fanciful-totem-794,82snu1rt,19-01-2024 03:41
AnomalyTransformer,181,park3m,0.14705745490603944,0.6382005794682065,0.02548719397500148,0.6349507505649328,0.02539506141098261,volcanic-energy-797,eka41eaq,19-01-2024 03:41
AnomalyTransformer,182,qtdbSel1005V,0.4120569884855197,0.5293789517437273,0.019273875367683123,0.5230162341573649,0.019456590868302467,trim-fire-799,673wqpn4,19-01-2024 03:41
AnomalyTransformer,183,qtdbSel100MLII,0.4166633246785416,0.6180979231042627,0.026913445655404586,0.6153594274541274,0.027562670397831876,rosy-firefly-800,f5s7tiy6,19-01-2024 03:41
AnomalyTransformer,186,resperation1,0.0032840394563588772,0.7552120659841685,0.0045332774814042685,0.7459951138417522,0.004493618073996527,sandy-sea-801,2k2q6il3,19-01-2024 03:41
AnomalyTransformer,192,s20101mML2,0.6874950586230161,0.6533699800670583,0.01682476577218207,0.6350023110280162,0.02280823164652262,major-aardvark-803,ymspv266,19-01-2024 03:41
AnomalyTransformer,193,s20101m,0.0,,,,,fragrant-night-807,vnoqssr0,19-01-2024 03:41
AnomalyTransformer,194,sddb49,0.8928518814049846,0.6472194360002214,0.008917203678329107,0.6637559396157988,0.00929516987138891,hopeful-water-808,np57a62x,19-01-2024 03:41
AnomalyTransformer,195,sel840mECG1,0.15644675425584853,0.6207933059677775,0.01606150863130855,0.6162651334744635,0.01720648318368454,quiet-dust-811,r9cfk6je,19-01-2024 03:41
AnomalyTransformer,196,sel840mECG2,0.14901822284985036,0.6072929702109346,0.018070649885787347,0.5858373469721001,0.017742234999321777,tough-lion-814,4hzyccci,19-01-2024 03:41
AnomalyTransformer,198,tiltAPB2,0.917122004849697,0.7702255490546607,0.037780956702507675,0.7655891454639892,0.03753042431652797,dashing-forest-818,zjxb1z20,19-01-2024 03:41
AnomalyTransformer,199,tiltAPB3,0.17391144763133867,0.7012761135468888,0.010415672754789962,0.6805153633813824,0.010353615059393239,dainty-snowflake-819,us9lhznb,19-01-2024 03:41
AnomalyTransformer,205,CHARISfive,0.00778202358924344,0.36761962003917914,0.004226716490209469,0.36146900055814535,0.004166603042552159,distinctive-thunder-820,pa1u2zux,19-01-2024 03:41
AnomalyTransformer,207,CHARISten,0.017135692604621854,0.4682857155591885,0.002252041500898107,0.42779723596197344,0.0021771648022236986,smart-fire-821,b2b0r1q7,19-01-2024 03:41
AnomalyTransformer,209,Fantasia,0.7499951250291873,0.7160242594992484,0.01006915453369255,0.7257921504213598,0.010474481904423074,dauntless-snowball-822,328wb5bo,19-01-2024 03:41
AnomalyTransformer,212,Italianpowerdemand,0.00865323993298967,0.46714230100459575,0.001386186268882341,0.45297897420923666,0.0013494615999773288,kind-wood-823,pwen9eht,19-01-2024 03:41
AnomalyTransformer,223,mit14046longtermecg,0.009911474576481767,0.8130520536544934,0.016784981354091205,0.800205979067069,0.01611015460964987,wandering-dream-824,4ipdo6w4,19-01-2024 03:41
AnomalyTransformer,226,mit14046longtermecg,0.8985455156752714,0.7613387359528321,0.026258451825436093,0.7715970159117613,0.027235952922291747,rich-brook-825,pxc3p3ky,19-01-2024 03:41
AnomalyTransformer,242,tilt12744mtable,0.06818115789181689,0.4802286330348978,0.0019536594453989516,0.48048027371594587,0.002061170212158258,dandy-morning-826,qtu8nl3m,19-01-2024 03:41
AnomalyTransformer,244,tilt12754table,0.23175758774256439,0.5950063162184012,0.002993551977048211,0.5998479589561293,0.0030368100480910602,magic-gorge-827,uuwez31l,19-01-2024 03:41
AnomalyTransformer,248,weallwalk,0.0016262644413054868,0.7325960597713408,0.0019117138843389898,0.7312557184348617,0.002016219756444264,vivid-donkey-828,ap39s6m2,19-01-2024 03:41
AnomalyTransformer,250,weallwalk,0.005766400880179587,0.7710241420822777,0.002431323881224233,0.7348590412172465,0.002154580743608377,neat-thunder-829,qgzogi3v,19-01-2024 03:41
DGHL,109,1sddb40,0.3900897150611348,0.6563241936179262,0.03508797738382116,0.6364409192203919,0.03370891694185727,fancy-elevator-736,hl6hrgl6,19-01-2024 03:41
DGHL,112,BIDMC1,0.9999949500250024,0.735388231178467,0.08249804747876835,0.7161542298346504,0.07988880034169989,happy-elevator-738,oyna6mrg,19-01-2024 03:41
DGHL,115,CIMIS44AirTemperature3,0.49999614586095903,0.7474853139437466,0.02348115432113582,0.7418034031968308,0.023436097767024888,curious-surf-739,0031ejs0,19-01-2024 03:41
DGHL,117,CIMIS44AirTemperature5,0.9599948160259933,0.9274789769427659,0.35287438194736526,0.9239369927824745,0.3164371035135338,sparkling-wildflower-740,71ly6y2b,19-01-2024 03:41
DGHL,120,ECG2,0.6211136916308408,0.6198453605419213,0.012168442027899466,0.625307035474446,0.012505565162092435,legendary-pond-742,0690khg9,19-01-2024 03:41
DGHL,121,ECG3,0.8032079805451782,0.6776921774381579,0.015454428435706668,0.6756467370783759,0.015915294339461643,cerulean-glitter-745,8le40w7v,19-01-2024 03:41
DGHL,130,GP711MarkerLFM5z4,0.4957945696204819,0.6076066242981458,0.026496134380732943,0.6006195788433532,0.026298496470447047,dazzling-forest-749,60epcnag,19-01-2024 03:41
DGHL,131,GP711MarkerLFM5z5,0.3058797529629822,0.5411276309460196,0.02239996843002596,0.5221761442079367,0.02240977087649257,fragrant-sunset-750,2cb42njw,19-01-2024 03:41
DGHL,141,InternalBleeding5,0.999994941201474,0.7571331189561529,0.17864798485928426,0.7609938293899033,0.184156427130902,skilled-brook-751,jwcs0igr,19-01-2024 03:41
DGHL,149,Lab2Cmac011215EPG5,0.3398664510464141,0.7134341686677387,0.015055084287729038,0.7145484487394463,0.015178782807271668,bright-fog-752,dxbwyyld,19-01-2024 03:41
DGHL,150,Lab2Cmac011215EPG6,0.26451754062090926,0.6168902532989564,0.016988041786712593,0.602415072546005,0.01679714561122648,happy-breeze-755,79uc613b,19-01-2024 03:41
DGHL,151,MesoplodonDensirostris,0.7862359760988193,0.7462255637561102,0.03346951045453417,0.7413751176203711,0.03547749664217542,royal-water-756,oztibo3x,19-01-2024 03:41
DGHL,152,PowerDemand1,0.4923039738797284,0.5407318581700601,0.02466441224862269,0.532084616636451,0.025851059429568585,tough-eon-757,m2dx613z,19-01-2024 03:41
DGHL,157,TkeepFirstMARS,0.022883068632775862,0.44101667627535435,0.0021916631138685656,0.4611965818930691,0.0023316138762267432,dashing-serenity-760,tjm1j10k,19-01-2024 03:41
DGHL,159,TkeepSecondMARS,0.15747883936993032,0.9737717724420285,0.030827724893862332,0.9733414039701419,0.030165714633422384,amber-terrain-762,ob86c4xt,19-01-2024 03:41
DGHL,162,WalkingAceleration5,0.9076872106779708,0.9327874762278209,0.21795074108704582,0.9286792767275922,0.21680607314035721,earnest-voice-764,jqaqz7u7,19-01-2024 03:41
DGHL,163,apneaecg2,0.9999943750253905,0.7176846629532446,0.0629787765482372,0.7289157494884094,0.06555950549190459,light-galaxy-766,uaqjxx43,19-01-2024 03:41
DGHL,166,apneaecg,0.25396595617785683,0.5988755701411574,0.0055870070791361305,0.5890923312279002,0.005721763680326066,wild-sea-768,vqnbyxvt,19-01-2024 03:41
DGHL,167,gait1,0.06857076480619669,0.6132993293052577,0.012341370268536642,0.6007036436493212,0.013022916340722026,fresh-brook-770,omouj5zn,19-01-2024 03:41
DGHL,170,gaitHunt1,0.021400566077851818,0.5802326634582914,0.004154950645845616,0.5658013342709198,0.004236252200760084,trim-elevator-772,uapkjgyv,19-01-2024 03:41
DGHL,174,insectEPG2,0.13966349756168484,0.6590812878864897,0.010196828260604147,0.6487564831117117,0.010228378594432487,ethereal-haze-777,gogmi8ei,19-01-2024 03:41
DGHL,176,insectEPG4,0.46295936216699796,0.7500992050855682,0.017834885054671294,0.7304751755668855,0.01715427716810615,lucky-night-778,9obbzkl8,19-01-2024 03:41
DGHL,179,ltstdbs30791AS,0.99999450002525,0.7800119017704129,0.07894034706524757,0.7712767204164594,0.08459876472934713,devoted-plasma-779,piyus2ue,19-01-2024 03:41
DGHL,180,ltstdbs30791ES,0.0,,,,,golden-thunder-782,cbif1hf4,19-01-2024 03:41
DGHL,181,park3m,0.19552895120309663,0.6648187066178638,0.027818757887875523,0.6508939241595536,0.02718188877380686,generous-night-783,6jr43hl8,19-01-2024 03:41
DGHL,182,qtdbSel1005V,0.40195753318563837,0.48799576662265476,0.017579300841549954,0.4933094535678123,0.018449167570369907,glamorous-dragon-785,75pyq66j,19-01-2024 03:41
DGHL,183,qtdbSel100MLII,0.41450444309799583,0.5657613313378055,0.023950723609491575,0.5852873807080329,0.02604893274340775,sandy-mountain-786,w0zu2614,19-01-2024 03:41
DGHL,186,resperation1,0.029962251121416834,0.7392680450873014,0.004078875674724793,0.7370377902912147,0.003996956171284477,glad-star-787,kmhqzhkk,19-01-2024 03:41
DGHL,192,s20101mML2,0.15277634549814983,0.7000641645855326,0.009970975889778024,0.6897344236824186,0.012402923063157633,comfy-tree-791,77ueqies,19-01-2024 03:41
DGHL,193,s20101m,0.0,,,,,stoic-frost-792,s84bx0xp,19-01-2024 03:41
DGHL,194,sddb49,0.8771877501046484,0.7443657182517677,0.012090009043342922,0.7368932000538149,0.01221372790971433,electric-cloud-793,wtdhxki1,19-01-2024 03:41
DGHL,195,sel840mECG1,0.2781930728338412,0.8656851994017636,0.041741509670911905,0.8660046076252644,0.0428233174997042,scarlet-voice-795,il2d4ars,19-01-2024 03:41
DGHL,196,sel840mECG2,0.32340151672673073,0.47992171104061765,0.014402155869430597,0.49276139161120575,0.014852191290568292,major-sun-796,emdjv4tt,19-01-2024 03:41
DGHL,198,tiltAPB2,0.35698629929550685,0.7148043776870284,0.02518251299202283,0.7071680115788929,0.025303632912586305,ruby-wave-798,6hm89ajm,19-01-2024 03:41
DGHL,199,tiltAPB3,0.032928618657532105,0.5594442721931147,0.006383262794293771,0.541253194284502,0.006386875904462095,radiant-waterfall-802,2nhbkf08,19-01-2024 03:41
DGHL,205,CHARISfive,0.02361251699029805,0.5409682778215319,0.005407638723628368,0.5067773716659799,0.00522901328111458,dashing-plant-804,7tcmlqc3,19-01-2024 03:41
DGHL,207,CHARISten,0.03932545496475583,0.5584851122447427,0.0029732213648491386,0.5217633384301342,0.002817254984303533,splendid-sunset-805,2ggob5v8,19-01-2024 03:41
DGHL,209,Fantasia,0.6593360947039597,0.7061638421379753,0.00996041725808599,0.7065938761774083,0.010359129689969894,stoic-sun-806,lzpazygw,19-01-2024 03:41
DGHL,212,Italianpowerdemand,0.5925882762063832,0.7039440893148085,0.004562945188710895,0.7004659181541613,0.004644900892380574,gentle-surf-809,0w5dviog,19-01-2024 03:41
DGHL,223,mit14046longtermecg,0.19029677845986734,0.35337703623555583,0.00492048377940262,0.3381337138892963,0.004869173059132216,breezy-universe-810,jlnp9b86,19-01-2024 03:41
DGHL,226,mit14046longtermecg,0.8732342710057208,0.9308253075811895,0.03938972088573095,0.9335340811116886,0.040362823405207984,deft-sound-812,s0yog1rd,19-01-2024 03:41
DGHL,242,tilt12744mtable,0.09782515300949934,0.670957143115888,0.0034940372278767107,0.6592907599494818,0.003561831828555843,floral-frog-813,x6jtk08a,19-01-2024 03:41
DGHL,244,tilt12754table,0.037062092841887787,0.8181768677620521,0.004947001861799478,0.7884828323994006,0.004657767060846465,fresh-shadow-815,lw6rotdn,19-01-2024 03:41
DGHL,248,weallwalk,0.014684141617209745,0.9026805843946797,0.005130149944166055,0.8970557171809646,0.005100069818374379,firm-rain-816,o84anx90,19-01-2024 03:41
DGHL,250,weallwalk,0.12765835220513844,0.841669877807841,0.003948220683012307,0.8179543807455751,0.004341137726701323,misunderstood-disco-817,nfdkvzny,19-01-2024 03:41
AnomalyNearestNeighbors,109,1sddb40,0.715904413123437,0.7189668041505843,0.04428998081242112,0.6840270689886643,0.041395655939361856,AnomalyNearestNeighbors,0,31-01-2024 15:11
AnomalyNearestNeighbors,112,BIDMC1,0.9999949500250024,0.6708689161515143,0.15320064465983468,0.6617171653767132,0.15517723731999108,AnomalyNearestNeighbors,1,31-01-2024 15:11
AnomalyNearestNeighbors,115,CIMIS44AirTemperature3,0.9999945833585068,0.8674042973379599,0.25973881652835373,0.8628167254019137,0.2656593595063363,AnomalyNearestNeighbors,2,31-01-2024 15:11
AnomalyNearestNeighbors,117,CIMIS44AirTemperature5,0.9896855181462446,0.90704335549482,0.3642523203910628,0.9038612368571476,0.3706203989152165,AnomalyNearestNeighbors,3,31-01-2024 15:11
AnomalyNearestNeighbors,120,ECG2,0.8620639863536994,0.8762757028248095,0.0411930263009289,0.8444143729415845,0.036168019328650616,AnomalyNearestNeighbors,4,31-01-2024 15:11
AnomalyNearestNeighbors,121,ECG3,0.9999949000250098,0.7390417029572153,0.15174556242888385,0.7630344279994754,0.15938137194315166,AnomalyNearestNeighbors,5,31-01-2024 15:11
AnomalyNearestNeighbors,130,GP711MarkerLFM5z4,0.9999949152792443,0.7804401841999319,0.4262891488901758,0.7861897713887552,0.439972964997519,AnomalyNearestNeighbors,6,31-01-2024 15:11
AnomalyNearestNeighbors,131,GP711MarkerLFM5z5,0.999994903871163,0.9822240715903706,0.7698435317237615,0.980589029582261,0.7764654166259644,AnomalyNearestNeighbors,7,31-01-2024 15:11
AnomalyNearestNeighbors,140,InternalBleeding4,0.9728210642387989,0.7918730234487069,0.1826347302969586,0.7838764419270793,0.18137420195541173,AnomalyNearestNeighbors,8,31-01-2024 15:11
AnomalyNearestNeighbors,141,InternalBleeding5,0.9139734825104722,0.8922216754929824,0.399177259314577,0.8833023413822663,0.4280652524770755,AnomalyNearestNeighbors,9,31-01-2024 15:11
AnomalyNearestNeighbors,149,Lab2Cmac011215EPG5,0.45774293297692764,0.763685740337937,0.017407943317677654,0.7616245457767585,0.017619455720660506,AnomalyNearestNeighbors,10,31-01-2024 15:11
AnomalyNearestNeighbors,150,Lab2Cmac011215EPG6,0.24197577682538332,0.6030932246519214,0.016673238951961933,0.5964828803900903,0.016545658021574018,AnomalyNearestNeighbors,22,31-01-2024 15:11
AnomalyNearestNeighbors,151,MesoplodonDensirostris,0.9999949375250038,0.7780575789628769,0.06790029801836675,0.7791607898654942,0.07354214448008438,AnomalyNearestNeighbors,23,31-01-2024 15:11
AnomalyNearestNeighbors,152,PowerDemand1,0.7999951809811716,0.8070246881910617,0.0774538286287468,0.8028196875690091,0.07779494907504607,AnomalyNearestNeighbors,24,31-01-2024 15:11
AnomalyNearestNeighbors,157,TkeepFirstMARS,0.39999669335800153,0.5244911363311988,0.003993794616440009,0.514226726512488,0.004028423358405871,AnomalyNearestNeighbors,25,31-01-2024 15:11
AnomalyNearestNeighbors,159,TkeepSecondMARS,0.9523750567163156,0.766360060596437,0.08868178745018052,0.7493232216673594,0.07606142322087307,AnomalyNearestNeighbors,26,31-01-2024 15:11
AnomalyNearestNeighbors,162,WalkingAceleration5,0.9516077614725792,0.9088910786474452,0.3397480521027639,0.9113607652766695,0.34134133470406713,AnomalyNearestNeighbors,27,31-01-2024 15:11
AnomalyNearestNeighbors,163,apneaecg2,0.9999943750253905,0.7653230733721751,0.06641653373539888,0.7569876094681853,0.06855965400886378,AnomalyNearestNeighbors,28,31-01-2024 15:11
AnomalyNearestNeighbors,166,apneaecg,0.35555247409633556,0.6889653064331683,0.007598032603698854,0.7037312811213704,0.007930964923842775,AnomalyNearestNeighbors,29,31-01-2024 15:11
AnomalyNearestNeighbors,167,gait1,0.9999946666917777,0.6643595252911897,0.08839664472255916,0.6396927418155778,0.09044188893347566,AnomalyNearestNeighbors,30,31-01-2024 15:11
AnomalyNearestNeighbors,170,gaitHunt1,0.015172263012062065,0.5827679077633389,0.004097162218997472,0.5726973825924524,0.004161624018205674,AnomalyNearestNeighbors,31,31-01-2024 15:11
AnomalyNearestNeighbors,174,insectEPG2,0.7142809183966907,0.7675179991235455,0.05465567356124888,0.761007819807732,0.055980566693858765,AnomalyNearestNeighbors,32,31-01-2024 15:11
AnomalyNearestNeighbors,176,insectEPG4,0.6535902858169926,0.7688462422213841,0.0220602964707223,0.7558493307237111,0.021583564686112403,AnomalyNearestNeighbors,11,31-01-2024 15:11
AnomalyNearestNeighbors,179,ltstdbs30791AS,0.99999450002525,0.7542389735047019,0.05553130044720983,0.76428874934308,0.06145861026599566,AnomalyNearestNeighbors,12,31-01-2024 15:11
AnomalyNearestNeighbors,180,ltstdbs30791ES,0.0,,,,,AnomalyNearestNeighbors,13,31-01-2024 15:11
AnomalyNearestNeighbors,181,park3m,0.551177022782666,0.7389999791449057,0.03627517041648509,0.7339544272550856,0.0351422127603576,AnomalyNearestNeighbors,14,31-01-2024 15:11
AnomalyNearestNeighbors,182,qtdbSel1005V,0.3923413063137764,0.5564378332257677,0.02162944115717466,0.545958082848386,0.0215941371507427,AnomalyNearestNeighbors,15,31-01-2024 15:11
AnomalyNearestNeighbors,183,qtdbSel100MLII,0.49689061381580746,0.5484144086116419,0.02309103192631089,0.5421511357912673,0.024057479198229398,AnomalyNearestNeighbors,16,31-01-2024 15:11
AnomalyNearestNeighbors,186,resperation1,0.01862612491887741,0.6251478039762403,0.0028147639237181936,0.6230285097238656,0.002766469333091255,AnomalyNearestNeighbors,17,31-01-2024 15:11
AnomalyNearestNeighbors,192,s20101mML2,0.13333207273797898,0.7439229467041568,0.01148948973735264,0.7317222429510871,0.012073481847206802,AnomalyNearestNeighbors,18,31-01-2024 15:11
AnomalyNearestNeighbors,193,s20101m,0.0,,,,,AnomalyNearestNeighbors,19,31-01-2024 15:11
AnomalyNearestNeighbors,194,sddb49,0.3623158212797502,0.7071997623530603,0.010984528656750226,0.6886358619137408,0.010738382488925068,AnomalyNearestNeighbors,20,31-01-2024 15:11
AnomalyNearestNeighbors,195,sel840mECG1,0.35070797513632107,0.7541532891470543,0.02454833684493015,0.7383215907850619,0.024408284403861207,AnomalyNearestNeighbors,21,31-01-2024 15:11
AnomalyNearestNeighbors,196,sel840mECG2,0.145592514214906,0.668186905494899,0.022121019221854527,0.6832875489993797,0.02488841898675569,AnomalyNearestNeighbors,33,31-01-2024 15:11
AnomalyNearestNeighbors,198,tiltAPB2,0.6859458496982727,0.7106818837437733,0.02689081612148022,0.7051143178643089,0.027996050039335987,AnomalyNearestNeighbors,34,31-01-2024 15:11
AnomalyNearestNeighbors,199,tiltAPB3,0.057926265899883464,0.6689691894444774,0.00926991445842807,0.6406780442835944,0.009218789002537926,AnomalyNearestNeighbors,35,31-01-2024 15:11
AnomalyNearestNeighbors,205,CHARISfive,0.09302236020239249,0.8348096892744309,0.01532697938025284,0.8325094287216762,0.015073141829671429,AnomalyNearestNeighbors,36,31-01-2024 15:11
AnomalyNearestNeighbors,207,CHARISten,0.015624844623252688,0.5357578456390808,0.0026232283486418984,0.5171011493274137,0.002684665870939329,AnomalyNearestNeighbors,37,31-01-2024 15:11
AnomalyNearestNeighbors,209,Fantasia,0.7692258382933442,0.590917958937953,0.008289029600036073,0.6129654906859239,0.009421448724616241,AnomalyNearestNeighbors,38,31-01-2024 15:11
AnomalyNearestNeighbors,212,Italianpowerdemand,0.06241811929317149,0.6214234826410182,0.003131942044050656,0.6314116978446671,0.0032023516996539294,AnomalyNearestNeighbors,39,31-01-2024 15:11
AnomalyNearestNeighbors,223,mit14046longtermecg,0.21609975825809866,0.6199319004542753,0.008319980280158228,0.6110066429846157,0.00828112733099214,AnomalyNearestNeighbors,40,31-01-2024 15:11
AnomalyNearestNeighbors,226,mit14046longtermecg,0.9841216729909712,0.8351223585697437,0.027494573699148383,0.8303472043978686,0.027662502494937326,AnomalyNearestNeighbors,41,31-01-2024 15:11
AnomalyNearestNeighbors,242,tilt12744mtable,0.057021620127204256,0.6978674914443649,0.003686777347843083,0.6878977603466385,0.0037926550704622778,AnomalyNearestNeighbors,42,31-01-2024 15:11
AnomalyNearestNeighbors,244,tilt12754table,0.13267688740562683,0.7405720036016135,0.003991213322797642,0.7281376554669782,0.0040920025193099865,AnomalyNearestNeighbors,43,31-01-2024 15:11
AnomalyNearestNeighbors,248,weallwalk,0.9090842975505634,0.8051844684132408,0.02389805688174489,0.8299326921384551,0.024404836119262974,AnomalyNearestNeighbors,44,31-01-2024 15:11
AnomalyNearestNeighbors,250,weallwalk,0.09022468879662747,0.8545270122289839,0.005082032824543637,0.8145665129373298,0.005141441435961274,AnomalyNearestNeighbors,45,31-01-2024 15:11
